{"cameraMode":{"drawMode":0,"name":"Shaded","section":"Shading Mode"},"sceneLighting":true,"audioPlay":false,"sceneViewState":{"m_AlwaysRefresh":false,"showFog":true,"showSkybox":true,"showFlares":true,"showImageEffects":true,"showParticleSystems":true,"showVisualEffectGraphs":true,"m_FxEnabled":true},"in2DMode":false,"pivot":{"x":0.6223430037498474,"y":-2.068758010864258,"z":-0.43419981002807619},"rotation":{"x":0.0001391665282426402,"y":-0.8816774487495422,"z":0.4718599319458008,"w":0.00026134608197025955},"size":4.842652320861816,"orthographic":false}